0.000	start
0.912	premium_character_crab
1.976	premium_character_elephant
3.092	premium_character_bear
4.164	premium_character_fox
5.220	premium_character_frog
6.286	premium_character_penguin
7.387	premium_character_bunny
8.439	premium_character_dog
9.543	premium_character_lion
10.631	premium_character_octopus
11.293	premium_language_picker_open_top
11.761	premium_language_scroll_arabic
13.924	premium_language_arabic
15.287	premium_sheet_closed
16.360	premium_sheet_reopened
17.723	premium_language_picker_open_arabic
18.187	premium_language_scroll_english
19.474	premium_language_english
20.630	premium_loop_complete
